{
    "loss": 0.22363311052322388,
    "accuracy": 0.9756097793579102
}