{
    "loss": 0.044392094016075134,
    "accuracy": 0.9915966391563416
}